{
  "shard": "RL_Shard_0_20251223_234324_1_20.pt",
  "generation": 0,
  "loop_iteration": 1,
  "samples": 1496,
  "games": 20,
  "samples_per_game_top10": [
    {
      "game_id": 4,
      "samples": 139
    },
    {
      "game_id": 19,
      "samples": 131
    },
    {
      "game_id": 6,
      "samples": 117
    },
    {
      "game_id": 13,
      "samples": 105
    },
    {
      "game_id": 1,
      "samples": 102
    },
    {
      "game_id": 20,
      "samples": 99
    },
    {
      "game_id": 3,
      "samples": 97
    },
    {
      "game_id": 18,
      "samples": 89
    },
    {
      "game_id": 8,
      "samples": 87
    },
    {
      "game_id": 10,
      "samples": 79
    }
  ],
  "unique_openings": 20,
  "opening_collision_ratio": 0.05,
  "top_openings_top10": [
    {
      "opening": "h2h3 h7h6 g1f3 c7c5 g2g3 a7a6 b1c3 d8c7",
      "games": 1
    },
    {
      "opening": "h2h3 b8c6 e2e3 f7f6 h1h2 c6e5 f2f4 e5c4",
      "games": 1
    },
    {
      "opening": "b1c3 c7c5 g1h3 d8a5 f2f3 f7f5 h3g5 g8h6",
      "games": 1
    },
    {
      "opening": "d2d4 h7h6 c1d2 b8c6 d2b4 a7a5 e2e3 c6b4",
      "games": 1
    },
    {
      "opening": "c2c3 g8h6 g2g3 a7a6 d1c2 h6g8 d2d3 e7e6",
      "games": 1
    },
    {
      "opening": "g2g3 f7f5 c2c4 a7a5 f2f4 g7g6 e2e3 a5a4",
      "games": 1
    },
    {
      "opening": "f2f4 b7b6 c2c4 b6b5 g1f3 e7e6 b1a3 a7a5",
      "games": 1
    },
    {
      "opening": "c2c3 a7a6 g1f3 f7f5 d1a4 f5f4 f3g5 a6a5",
      "games": 1
    },
    {
      "opening": "b1c3 e7e6 g1h3 d7d6 b2b3 g7g5 h1g1 d8e7",
      "games": 1
    },
    {
      "opening": "b2b3 a7a6 f2f4 c7c5 c2c3 d7d5 c1a3 h7h5",
      "games": 1
    }
  ],
  "results": {
    "1-0": 12,
    "0-1": 1,
    "1/2-1/2": 7,
    "*": 0
  },
  "plies": {
    "min": 17,
    "max": 139,
    "avg": 74.8
  },
  "created_local": "2025-12-23T23:43:25"
}