{
  "shard": "RL_Shard_0_20251223_234332_1_22.pt",
  "generation": 0,
  "loop_iteration": 1,
  "samples": 1607,
  "games": 20,
  "samples_per_game_top10": [
    {
      "game_id": 1000003,
      "samples": 171
    },
    {
      "game_id": 1000019,
      "samples": 113
    },
    {
      "game_id": 1000002,
      "samples": 105
    },
    {
      "game_id": 1000005,
      "samples": 105
    },
    {
      "game_id": 1000020,
      "samples": 103
    },
    {
      "game_id": 1000006,
      "samples": 102
    },
    {
      "game_id": 1000001,
      "samples": 95
    },
    {
      "game_id": 1000004,
      "samples": 95
    },
    {
      "game_id": 1000009,
      "samples": 91
    },
    {
      "game_id": 1000017,
      "samples": 77
    }
  ],
  "unique_openings": 20,
  "opening_collision_ratio": 0.05,
  "top_openings_top10": [
    {
      "opening": "f2f4 h7h5 c2c4 g8h6 b2b3 c7c5 g2g3 h5h4",
      "games": 1
    },
    {
      "opening": "a2a3 a7a6 h2h4 e7e6 d2d4 b7b5 c2c3 c7c6",
      "games": 1
    },
    {
      "opening": "g1f3 h7h5 b2b4 h8h7 f3g5 a7a5 f2f3 d7d6",
      "games": 1
    },
    {
      "opening": "h2h3 b7b6 a2a3 g8f6 h1h2 g7g5 e2e4 b8a6",
      "games": 1
    },
    {
      "opening": "e2e4 g8f6 d2d3 f6g4 d3d4 f7f5 c1e3 d7d5",
      "games": 1
    },
    {
      "opening": "a2a4 b8a6 e2e3 h7h5 b1c3 g8h6 h2h3 e7e6",
      "games": 1
    },
    {
      "opening": "b2b4 g7g6 g1h3 g8h6 c2c3 f7f5 f2f4 h6g4",
      "games": 1
    },
    {
      "opening": "b2b4 f7f5 b1c3 h7h5 b4b5 c7c5 f2f3 e7e6",
      "games": 1
    },
    {
      "opening": "b2b3 g7g6 g2g3 g8h6 g3g4 a7a5 b1a3 d7d5",
      "games": 1
    },
    {
      "opening": "d2d4 d7d5 d1d3 e7e6 c1g5 f8a3 d3h3 e8d7",
      "games": 1
    }
  ],
  "results": {
    "1-0": 9,
    "0-1": 0,
    "1/2-1/2": 11,
    "*": 0
  },
  "plies": {
    "min": 33,
    "max": 171,
    "avg": 80.35
  },
  "created_local": "2025-12-23T23:43:32"
}