{
  "shard": "RL_Shard_0_20251223_234322_1_19.pt",
  "generation": 0,
  "loop_iteration": 1,
  "samples": 1478,
  "games": 20,
  "samples_per_game_top10": [
    {
      "game_id": 5000004,
      "samples": 164
    },
    {
      "game_id": 5000008,
      "samples": 143
    },
    {
      "game_id": 5000014,
      "samples": 115
    },
    {
      "game_id": 5000015,
      "samples": 108
    },
    {
      "game_id": 5000011,
      "samples": 107
    },
    {
      "game_id": 5000020,
      "samples": 96
    },
    {
      "game_id": 5000010,
      "samples": 83
    },
    {
      "game_id": 5000001,
      "samples": 75
    },
    {
      "game_id": 5000005,
      "samples": 73
    },
    {
      "game_id": 5000007,
      "samples": 59
    }
  ],
  "unique_openings": 20,
  "opening_collision_ratio": 0.05,
  "top_openings_top10": [
    {
      "opening": "b2b4 e7e5 e2e4 f8e7 b1a3 f7f5 d1g4 a7a5",
      "games": 1
    },
    {
      "opening": "e2e4 g8h6 h2h4 b8a6 d1f3 e7e5 c2c3 g7g6",
      "games": 1
    },
    {
      "opening": "f2f3 a7a5 b1a3 b8a6 a1b1 a5a4 a3b5 g7g6",
      "games": 1
    },
    {
      "opening": "c2c4 g8h6 b2b3 h8g8 c4c5 c7c6 a2a4 d8a5",
      "games": 1
    },
    {
      "opening": "b1c3 g7g6 a2a4 f7f5 d2d4 f8g7 c1f4 b8c6",
      "games": 1
    },
    {
      "opening": "f2f4 f7f6 e1f2 e7e5 b1c3 g8e7 c3a4 e7c6",
      "games": 1
    },
    {
      "opening": "b1a3 g7g5 d2d3 a7a5 e1d2 f8g7 a3c4 c7c5",
      "games": 1
    },
    {
      "opening": "d2d3 a7a5 e2e4 g8h6 f2f4 e7e6 b1a3 h6g8",
      "games": 1
    },
    {
      "opening": "e2e3 b7b5 d2d3 g7g6 h2h4 h7h6 b1c3 f8g7",
      "games": 1
    },
    {
      "opening": "b1a3 a7a6 a3c4 a8a7 c4a5 a7a8 a2a4 b7b6",
      "games": 1
    }
  ],
  "results": {
    "1-0": 9,
    "0-1": 0,
    "1/2-1/2": 11,
    "*": 0
  },
  "plies": {
    "min": 27,
    "max": 164,
    "avg": 73.9
  },
  "created_local": "2025-12-23T23:43:22"
}