{
  "shard": "RL_Shard_0_20251223_222351_1_8.pt",
  "generation": 0,
  "loop_iteration": 1,
  "samples": 1493,
  "games": 20,
  "samples_per_game_top10": [
    {
      "game_id": 5000007,
      "samples": 122
    },
    {
      "game_id": 5000014,
      "samples": 118
    },
    {
      "game_id": 5000006,
      "samples": 114
    },
    {
      "game_id": 5000012,
      "samples": 106
    },
    {
      "game_id": 5000019,
      "samples": 99
    },
    {
      "game_id": 5000004,
      "samples": 93
    },
    {
      "game_id": 5000017,
      "samples": 90
    },
    {
      "game_id": 5000015,
      "samples": 72
    },
    {
      "game_id": 5000016,
      "samples": 70
    },
    {
      "game_id": 5000005,
      "samples": 67
    }
  ],
  "unique_openings": 20,
  "opening_collision_ratio": 0.05,
  "top_openings_top10": [
    {
      "opening": "f2f4 f2f4 c7c6 c7c6 g1f3 g1f3 e7e5 e7e5",
      "games": 1
    },
    {
      "opening": "d2d3 d2d3 e7e5 e7e5 a2a3 a2a3 h7h5 h7h5",
      "games": 1
    },
    {
      "opening": "g1h3 g1h3 g8h6 g8h6 f2f3 f2f3 h6g8 h6g8",
      "games": 1
    },
    {
      "opening": "b1c3 b1c3 e7e5 e7e5 f2f3 f2f3 d8e7 d8e7",
      "games": 1
    },
    {
      "opening": "g2g4 g2g4 c7c6 c7c6 a2a3 a2a3 f7f5 f7f5",
      "games": 1
    },
    {
      "opening": "b2b3 b2b3 g8f6 g8f6 g1h3 g1h3 f6h5 f6h5",
      "games": 1
    },
    {
      "opening": "a2a3 a2a3 f7f5 f7f5 a3a4 a3a4 e7e6 e7e6",
      "games": 1
    },
    {
      "opening": "c2c3 c2c3 g8f6 g8f6 d1b3 d1b3 d7d5 d7d5",
      "games": 1
    },
    {
      "opening": "g1h3 g1h3 b8a6 b8a6 e2e3 e2e3 f7f6 f7f6",
      "games": 1
    },
    {
      "opening": "h2h4 h2h4 c7c5 c7c5 g2g4 g2g4 d7d6 d7d6",
      "games": 1
    }
  ],
  "results": {
    "1-0": 5,
    "0-1": 0,
    "1/2-1/2": 15,
    "*": 0
  },
  "plies": {
    "min": 74,
    "max": 244,
    "avg": 149.3
  },
  "created_local": "2025-12-23T22:23:52"
}