{
  "shard": "RL_Shard_0_20251223_222403_1_11.pt",
  "generation": 0,
  "loop_iteration": 1,
  "samples": 1698,
  "games": 20,
  "samples_per_game_top10": [
    {
      "game_id": 3000003,
      "samples": 181
    },
    {
      "game_id": 3000004,
      "samples": 181
    },
    {
      "game_id": 3000014,
      "samples": 149
    },
    {
      "game_id": 3000016,
      "samples": 119
    },
    {
      "game_id": 3000008,
      "samples": 117
    },
    {
      "game_id": 3000012,
      "samples": 108
    },
    {
      "game_id": 3000010,
      "samples": 94
    },
    {
      "game_id": 3000020,
      "samples": 81
    },
    {
      "game_id": 3000006,
      "samples": 76
    },
    {
      "game_id": 3000019,
      "samples": 76
    }
  ],
  "unique_openings": 20,
  "opening_collision_ratio": 0.05,
  "top_openings_top10": [
    {
      "opening": "c2c4 c2c4 d7d5 d7d5 b2b3 b2b3 g7g5 g7g5",
      "games": 1
    },
    {
      "opening": "b2b3 b2b3 a7a6 a7a6 g1h3 g1h3 c7c6 c7c6",
      "games": 1
    },
    {
      "opening": "c2c4 c2c4 b7b6 b7b6 g1f3 g1f3 b8c6 b8c6",
      "games": 1
    },
    {
      "opening": "b1a3 b1a3 g8h6 g8h6 d2d3 d2d3 e7e6 e7e6",
      "games": 1
    },
    {
      "opening": "b1a3 b1a3 b8a6 b8a6 a3c4 a3c4 a6b4 a6b4",
      "games": 1
    },
    {
      "opening": "b1a3 b1a3 g7g6 g7g6 b2b4 b2b4 h7h5 h7h5",
      "games": 1
    },
    {
      "opening": "g1f3 g1f3 g7g6 g7g6 h2h4 h2h4 b8a6 b8a6",
      "games": 1
    },
    {
      "opening": "c2c3 c2c3 e7e6 e7e6 h2h3 h2h3 d8g5 d8g5",
      "games": 1
    },
    {
      "opening": "d2d4 d2d4 c7c5 c7c5 d4d5 d4d5 f7f6 f7f6",
      "games": 1
    },
    {
      "opening": "d2d3 d2d3 e7e6 e7e6 e1d2 e1d2 d7d6 d7d6",
      "games": 1
    }
  ],
  "results": {
    "1-0": 6,
    "0-1": 0,
    "1/2-1/2": 14,
    "*": 0
  },
  "plies": {
    "min": 22,
    "max": 362,
    "avg": 169.8
  },
  "created_local": "2025-12-23T22:24:04"
}